project_id,project_name,start_date,completion_date,status,targeted_component,performance_improvement,cost_reduction,customer_impact,team_size,technologies_used,complexity_rating,primary_optimization_approach,key_lessons
PERF-001,Query Engine Vectorization,2024-01-15,2024-03-10,Completed,SQL Execution Engine,385% throughput increase,$215K monthly savings,42 customers with complex queries seeing >4x speedup,5,"SIMD Instructions, C++, LLVM, Assembly",High,Vectorized batch processing,"CPU cache optimization provided biggest gains; memory layout crucial for performance"
PERF-002,Storage Layer Compression Overhaul,2024-02-01,2024-03-20,Completed,Delta Storage Format,67% storage reduction,$840K annual cloud storage savings,All customers benefiting from reduced storage costs,4,"Zstandard, LZ4, Parquet, Delta Lake",Medium,Format-aware adaptive compression,"Column statistics dramatically improved compression ratios; codec selection by data type was key"
PERF-003,Distributed Join Optimization,2024-01-20,2024-04-05,Completed,Distributed Query Planner,215% improvement for complex joins,$380K compute savings annually,15 enterprise customers with large analytical workloads,6,"Spark, Scala, Cost-based Optimizer",High,Adaptive query execution,"Data skew handling was critical; statistics collection overhead worth the optimization gains"
PERF-004,In-memory Analytics Cache,2024-02-15,2024-04-15,Completed,Query Result Caching,98% latency reduction for repeated queries,Customer productivity value $1.2M,All interactive notebook users seeing sub-second response times,3,"Redis, Caffeine, Java",Medium,Intelligent result caching,"Query fingerprinting complexity highest challenge; cache invalidation required careful design"
PERF-005,Metadata Operation Optimization,2024-03-01,2024-04-25,Completed,Catalog Service,785% throughput for metadata operations,$150K infrastructure savings,All customers with large table counts seeing dramatic speedups,4,"Java, PostgreSQL optimization, Connection pooling",Medium,Metadata caching and batching,"Connection pooling optimizations yielded surprising gains; prepared statement caching essential"
PERF-006,GPU Query Acceleration,2024-03-15,Ongoing,In Progress (85%),Analytical Query Engine,Projected 1200% speedup for supported operations,Expected $1.5M annual compute efficiency,40+ customers with analytical workloads,7,"CUDA, RAPIDS, GPU memory management",Very High,GPU-accelerated data processing,"Data transfer to/from GPU remains bottleneck; operation fusion critical for performance"
PERF-007,Multi-cluster Resource Optimizer,2024-01-10,2024-03-30,Completed,Resource Management,42% improved cluster utilization,$1.2M infrastructure cost reduction,All enterprise customers with multiple workload types,5,"Kubernetes, Machine Learning for workload prediction, Custom scheduler",High,Intelligent workload placement,"Workload classification more important than expected; historical patterns reliable predictor"
PERF-008,Data Skew Detection & Mitigation,2024-02-20,2024-04-10,Completed,Data Distribution Engine,175% speedup for skewed workloads,$280K compute cost reduction,25 customers with large data transformations,4,"Statistical analysis, Adaptive partitioning, Sampling algorithms",Medium,Automatic partition tuning,"Pre-sampling approach worked better than reactive; partition counts need upper bounds"
PERF-009,Columnar Format Optimization,2024-03-05,Ongoing,In Progress (70%),Storage Format Engine,Projected 35% read performance improvement,$450K projected storage savings,Expected to benefit all customers,6,"Apache Arrow, Custom encoding, Parquet internals",High,Data layout optimization,"Dictionary encoding improvements showing best results; predicate pushdown optimization essential"
PERF-010,Query Compiler Optimization,2024-04-01,Ongoing,In Progress (50%),SQL Execution Engine,Early tests show 250% improvement,$TBD,Expected to benefit analytical workloads,7,"LLVM, JIT compilation, Query optimization techniques",Very High,Code generation and optimization,"Function inlining providing unexpected gains; branch prediction optimization important"